,Province/State,Country/Region,9/3/20,9/4/20,9/5/20,9/6/20,9/7/20,9/8/20,9/9/20,9/10/20,9/11/20,9/12/20,9/13/20,9/14/20,9/15/20,9/16/20,9/17/20,9/18/20,9/19/20,9/20/20,9/21/20,9/22/20,9/23/20,9/24/20,9/25/20,9/26/20,9/27/20,9/28/20,9/29/20,9/30/20,10/1/20,10/2/20,10/3/20,10/4/20,10/5/20,10/6/20,10/7/20,10/8/20,10/9/20,10/10/20,10/11/20,10/12/20,10/13/20,10/14/20,10/15/20,10/16/20,10/17/20,10/18/20,10/19/20,10/20/20,10/21/20,10/22/20,10/23/20,10/24/20,10/25/20,10/26/20,10/27/20,10/28/20,10/29/20,10/30/20,10/31/20,11/1/20
0,,Afghanistan,1410,1410,1410,1413,1416,1419,1421,1421,1421,1421,1421,1427,1428,1438,1438,1439,1439,1443,1446,1447,1448,1453,1453,1455,1455,1458,1460,1460,1460,1460,1464,1464,1468,1469,1471,1472,1474,1475,1479,1481,1482,1483,1483,1487,1490,1494,1499,1501,1503,1507,1509,1513,1516,1520,1525,1531,1534,1535,1538,1538
1,,Albania,301,306,312,316,319,321,322,324,327,330,334,338,340,343,347,353,358,362,364,367,370,370,373,375,377,380,384,387,388,389,392,396,400,403,407,411,413,416,420,424,429,434,439,443,448,451,454,458,462,465,469,473,477,480,487,493,499,502,509,518
2,,Algeria,1529,1539,1549,1556,1562,1571,1581,1591,1599,1605,1612,1620,1632,1645,1654,1659,1665,1672,1679,1689,1698,1703,1707,1711,1714,1719,1726,1736,1741,1749,1756,1760,1768,1768,1771,1783,1789,1795,1801,1809,1818,1827,1827,1841,1846,1856,1865,1873,1880,1888,1897,1907,1914,1922,1931,1941,1949,1956,1964,1973
3,,Andorra,53,53,53,53,53,53,53,53,53,53,53,53,53,53,53,53,53,53,53,53,53,53,53,53,53,53,53,53,53,53,53,53,53,53,53,54,55,55,55,57,57,59,59,59,59,59,62,62,63,63,69,69,69,72,72,72,73,75,75,75
4,,Angola,113,115,117,117,120,124,126,130,131,132,134,136,139,143,144,147,147,152,154,155,159,162,167,171,174,176,179,183,185,189,193,195,199,211,211,208,212,218,218,219,222,227,228,234,241,247,248,251,255,260,265,267,268,270,271,275,275,279,284,286
5,,Antigua and Barbuda,3,3,3,3,3,3,3,3,3,3,3,3,3,3,3,3,3,3,3,3,3,3,3,3,3,3,3,3,3,3,3,3,3,3,3,3,3,3,3,3,3,3,3,3,3,3,3,3,3,3,3,3,3,3,3,3,3,3,3,3
6,,Argentina,9361,9623,9739,9859,10129,10405,10658,10907,11148,11263,11352,11667,11852,12116,12460,12656,12799,13053,13482,13952,14376,14766,15208,15543,15749,16113,16519,16937,20288,20599,20795,21018,21468,21827,22226,22710,23225,23581,23868,24186,24572,24921,25342,25723,26107,26267,26716,27100,27519,27957,28338,28613,28896,29301,29730,30071,30442,30792,31002,31140
7,,Armenia,887,891,895,897,900,903,905,906,909,911,916,919,920,923,925,926,928,930,936,938,942,945,947,948,951,957,958,959,963,966,972,977,984,990,995,1004,1010,1016,1020,1026,1032,1039,1046,1056,1067,1081,1091,1101,1121,1131,1145,1157,1180,1196,1222,1243,1272,1300,1341,1363
8,Australian Capital Territory,Australia,3,3,3,3,3,3,3,3,3,3,3,3,3,3,3,3,3,3,3,3,3,3,3,3,3,3,3,3,3,3,3,3,3,3,3,3,3,3,3,3,3,3,3,3,3,3,3,3,3,3,3,3,3,3,3,3,3,3,3,3
9,New South Wales,Australia,52,52,52,52,52,52,52,52,52,52,52,52,52,52,52,52,53,53,53,53,53,53,53,53,53,53,53,53,53,53,53,53,53,53,53,53,53,53,53,53,53,53,53,53,53,53,53,53,53,53,53,53,53,53,53,53,53,53,53,53
10,Northern Territory,Australia,0,0,0,0,0,0,0,0,0,0,0,0,0,0,0,0,0,0,0,0,0,0,0,0,0,0,0,0,0,0,0,0,0,0,0,0,0,0,0,0,0,0,0,0,0,0,0,0,0,0,0,0,0,0,0,0,0,0,0,0
11,Queensland,Australia,6,6,6,6,6,6,6,6,6,6,6,6,6,6,6,6,6,6,6,6,6,6,6,6,6,6,6,6,6,6,6,6,6,6,6,6,6,6,6,6,6,6,6,6,6,6,6,6,6,6,6,6,6,6,6,6,6,6,6,6
12,South Australia,Australia,4,4,4,4,4,4,4,4,4,4,4,4,4,4,4,4,4,4,4,4,4,4,4,4,4,4,4,4,4,4,4,4,4,4,4,4,4,4,4,4,4,4,4,4,4,4,4,4,4,4,4,4,4,4,4,4,4,4,4,4
13,Tasmania,Australia,13,13,13,13,13,13,13,13,13,13,13,13,13,13,13,13,13,13,13,13,13,13,13,13,13,13,13,13,13,13,13,13,13,13,13,13,13,13,13,13,13,13,13,13,13,13,13,13,13,13,13,13,13,13,13,13,13,13,13,13
14,Victoria,Australia,650,661,666,675,683,694,701,710,716,723,729,729,737,745,750,757,761,763,766,771,773,781,782,784,787,794,798,800,802,805,806,806,807,809,809,809,809,810,810,811,816,816,816,816,816,817,817,817,817,817,817,817,817,817,819,819,819,819,819,819
15,Western Australia,Australia,9,9,9,9,9,9,9,9,9,9,9,9,9,9,9,9,9,9,9,9,9,9,9,9,9,9,9,9,9,9,9,9,9,9,9,9,9,9,9,9,9,9,9,9,9,9,9,9,9,9,9,9,9,9,9,9,9,9,9,9
16,,Austria,735,735,735,736,746,747,747,748,750,754,756,757,757,758,758,763,765,766,767,771,777,783,786,787,787,790,796,799,802,803,809,813,818,822,830,838,842,852,851,855,861,872,877,882,889,893,904,914,925,941,954,965,979,992,1005,1027,1056,1082,1109,1130
17,,Azerbaijan,541,543,545,548,551,552,555,556,557,559,562,564,566,569,571,572,574,575,576,578,580,581,583,585,586,588,590,591,593,594,595,596,598,600,602,603,605,608,609,609,612,616,619,621,623,626,630,635,642,648,656,664,671,679,688,699,708,718,730,740
18,,Bahamas,50,50,55,56,58,59,63,63,65,67,67,68,69,69,69,69,73,74,75,77,80,86,89,89,89,89,91,96,96,96,96,96,96,100,102,102,102,106,107,108,108,109,112,114,116,122,123,124,127,130,130,130,132,132,136,136,138,142,144,144
19,,Bahrain,190,195,196,199,200,202,203,207,208,211,212,213,213,216,217,220,221,221,224,227,231,231,236,239,242,245,246,251,254,255,258,260,261,262,262,264,271,273,275,280,285,287,289,292,293,300,302,305,308,308,311,312,312,316,316,317,317,319,321,321
20,,Bangladesh,4383,4412,4447,4479,4516,4552,4593,4634,4668,4702,4733,4759,4802,4823,4859,4881,4913,4939,4979,5007,5044,5072,5093,5129,5161,5193,5219,5251,5272,5305,5325,5348,5375,5405,5440,5460,5477,5500,5524,5555,5577,5593,5608,5623,5646,5660,5681,5699,5723,5747,5761,5780,5803,5818,5838,5861,5886,5905,5923,5941
21,,Barbados,7,7,7,7,7,7,7,7,7,7,7,7,7,7,7,7,7,7,7,7,7,7,7,7,7,7,7,7,7,7,7,7,7,7,7,7,7,7,7,7,7,7,7,7,7,7,7,7,7,7,7,7,7,7,7,7,7,7,7,7
22,,Belarus,696,701,705,711,716,721,726,732,738,744,750,756,761,767,771,773,776,780,785,791,796,802,807,813,818,822,828,833,839,844,851,851,862,868,874,880,885,885,896,901,906,911,916,921,925,929,933,937,941,945,945,953,957,961,965,969,973,977,980,985
23,,Belgium,9899,9901,9906,9907,9909,9912,9917,9917,9919,9923,9925,9927,9930,9935,9936,9937,9944,9948,9950,9955,9959,9965,9969,9974,9980,9987,10001,10016,10023,10037,10044,10064,10078,10092,10108,10126,10151,10175,10191,10211,10244,10278,10327,10359,10392,10413,10443,10489,10539,10588,10658,10737,10810,10899,11038,11170,11308,11452,11625,11737
24,,Belize,13,15,15,15,16,16,18,18,19,19,19,19,19,19,19,20,20,21,21,21,22,22,23,24,24,24,24,27,27,28,28,29,30,34,34,34,35,35,37,37,39,40,41,43,43,44,45,45,46,46,46,48,50,50,51,52,52,58,59,59
25,,Benin,40,40,40,40,40,40,40,40,40,40,40,40,40,40,40,40,40,40,40,40,40,40,40,40,40,40,40,41,41,41,41,41,41,41,41,41,41,41,41,41,41,41,41,41,41,41,41,41,41,41,41,41,41,41,41,41,41,41,41,41
26,,Bhutan,0,0,0,0,0,0,0,0,0,0,0,0,0,0,0,0,0,0,0,0,0,0,0,0,0,0,0,0,0,0,0,0,0,0,0,0,0,0,0,0,0,0,0,0,0,0,0,0,0,0,0,0,0,0,0,0,0,0,0,0
27,,Bolivia,5288,5343,5398,5398,7054,7097,7146,7193,7250,7297,7344,7394,7447,7478,7511,7550,7586,7617,7654,7693,7731,7765,7800,7828,7858,7900,7931,7965,8001,8045,8073,8101,8129,8156,8192,8228,8262,8292,8308,8326,8351,8377,8407,8439,8463,8481,8502,8526,8558,8584,8608,8627,8645,8658,8672,8694,8705,8715,8725,8731
28,,Bosnia and Herzegovina,636,639,651,655,664,669,675,680,686,690,696,705,725,736,747,752,758,763,770,778,790,802,808,820,822,829,843,856,861,871,871,879,888,903,908,913,926,927,928,936,947,958,972,980,981,984,997,1017,1031,1051,1065,1075,1086,1104,1125,1161,1182,1212,1234,1248
29,,Botswana,6,8,8,8,9,9,9,10,10,10,10,11,11,11,13,13,13,13,13,13,13,16,16,16,16,16,16,16,16,16,16,16,16,18,18,18,18,18,18,20,20,20,20,20,20,20,21,21,21,21,21,21,21,21,21,21,24,24,24,24
30,,Brazil,124614,125502,126203,126650,126960,127464,128539,129522,130396,131210,131625,132006,133119,134106,134935,135793,136532,136895,137272,138105,138105,139808,140537,141406,141741,142058,142921,143952,144680,144680,145987,146352,146675,147494,148228,148957,149639,150198,150488,150689,150998,151747,152460,153214,153675,153675,154176,154837,155403,155900,156471,156903,157134,157397,157946,158456,158969,159477,159884,160074
31,,Brunei,3,3,3,3,3,3,3,3,3,3,3,3,3,3,3,3,3,3,3,3,3,3,3,3,3,3,3,3,3,3,3,3,3,3,3,3,3,3,3,3,3,3,3,3,3,3,3,3,3,3,3,3,3,3,3,3,3,3,3,3
32,,Bulgaria,658,665,671,676,677,692,702,706,713,717,720,729,736,739,749,753,755,761,765,767,779,785,789,789,796,807,813,825,825,838,841,844,854,862,873,880,887,891,892,915,923,929,944,958,968,986,1008,1019,1048,1064,1077,1084,1094,1136,1161,1197,1225,1254,1279,1298
33,,Burkina Faso,55,55,55,55,56,56,56,56,56,56,56,56,56,56,56,56,56,56,56,56,56,56,56,56,56,57,58,58,58,59,59,59,59,59,59,60,60,61,61,63,63,63,65,65,65,65,65,65,65,65,65,65,65,67,67,67,67,67,67,67
34,,Burma,6,7,8,8,8,12,14,14,14,16,24,32,39,46,61,75,81,94,100,116,133,155,174,198,226,256,284,310,321,353,371,412,444,471,510,535,566,598,646,664,693,732,765,799,838,880,914,945,972,1005,1038,1066,1095,1122,1147,1172,1199,1219,1237,1258
35,,Burundi,1,1,1,1,1,1,1,1,1,1,1,1,1,1,1,1,1,1,1,1,1,1,1,1,1,1,1,1,1,1,1,1,1,1,1,1,1,1,1,1,1,1,1,1,1,1,1,1,1,1,1,1,1,1,1,1,1,1,1,1
36,,Cabo Verde,41,41,42,42,42,42,43,43,44,44,44,45,46,47,49,50,50,51,52,52,54,55,55,56,57,59,59,60,61,62,62,65,68,69,71,71,73,74,75,75,77,79,79,82,85,86,87,87,90,91,94,94,94,94,94,94,95,95,95,95
37,,Cambodia,0,0,0,0,0,0,0,0,0,0,0,0,0,0,0,0,0,0,0,0,0,0,0,0,0,0,0,0,0,0,0,0,0,0,0,0,0,0,0,0,0,0,0,0,0,0,0,0,0,0,0,0,0,0,0,0,0,0,0,0
38,,Cameroon,415,415,415,415,415,415,415,415,415,415,415,415,415,415,415,416,416,416,416,416,416,418,418,418,418,418,418,418,418,420,420,420,420,420,420,423,423,423,423,423,423,423,423,423,423,423,424,425,425,425,425,425,425,426,426,426,426,426,426,429
39,Alberta,Canada,242,242,242,242,242,247,247,253,253,253,253,254,254,254,254,255,255,255,256,258,260,261,261,261,261,265,266,267,269,272,272,272,280,281,281,283,283,283,283,283,286,287,288,288,288,288,292,293,296,296,300,300,300,307,309,313,318,323,323,323
40,British Columbia,Canada,210,211,211,211,211,213,213,213,213,213,213,219,219,219,220,223,223,223,227,227,227,227,230,230,230,233,234,234,235,238,238,238,242,244,244,245,245,245,245,245,250,250,250,251,251,251,253,254,256,256,256,256,256,259,259,261,262,263,263,263
41,Diamond Princess,Canada,1,1,1,1,1,1,1,1,1,1,1,1,1,1,1,1,1,1,1,1,1,1,1,1,1,1,1,1,1,1,1,1,1,1,1,1,1,1,1,1,1,1,1,1,1,1,1,1,1,1,1,1,1,1,1,1,1,1,1,1
42,Grand Princess,Canada,0,0,0,0,0,0,0,0,0,0,0,0,0,0,0,0,0,0,0,0,0,0,0,0,0,0,0,0,0,0,0,0,0,0,0,0,0,0,0,0,0,0,0,0,0,0,0,0,0,0,0,0,0,0,0,0,0,0,0,0
43,Manitoba,Canada,16,16,16,16,16,16,16,16,16,16,16,16,16,16,16,16,16,16,18,18,18,19,20,19,19,20,20,20,20,21,22,23,23,24,27,27,30,32,32,34,35,37,38,38,38,40,42,42,43,47,48,50,54,55,58,61,62,65,67,75
44,New Brunswick,Canada,2,2,2,2,2,2,2,2,2,2,2,2,2,2,2,2,2,2,2,2,2,2,2,2,2,2,2,2,2,2,2,2,2,2,2,2,2,2,2,2,2,2,2,2,2,3,3,3,4,4,4,4,6,6,6,6,6,6,6,6
45,Newfoundland and Labrador,Canada,3,3,3,3,3,3,3,3,3,3,3,3,3,3,3,3,3,3,3,3,3,3,3,3,3,3,3,3,3,3,4,4,4,4,4,4,4,4,4,4,4,4,4,4,4,4,4,4,4,4,4,4,4,4,4,4,4,4,4,4
46,Northwest Territories,Canada,0,0,0,0,0,0,0,0,0,0,0,0,0,0,0,0,0,0,0,0,0,0,0,0,0,0,0,0,0,0,0,0,0,0,0,0,0,0,0,0,0,0,0,0,0,0,0,0,0,0,0,0,0,0,0,0,0,0,0,0
47,Nova Scotia,Canada,65,65,65,65,65,65,65,65,65,65,65,65,65,65,65,65,65,65,65,65,65,65,65,65,65,65,65,65,65,65,65,65,65,65,65,65,65,65,65,65,65,65,65,65,65,65,65,65,65,65,65,65,65,65,65,65,65,65,65,65
48,Nunavut,Canada,0,0,0,0,0,0,0,0,0,0,0,0,0,0,0,0,0,0,0,0,0,0,0,0,0,0,0,0,0,0,0,0,0,0,0,0,0,0,0,0,0,0,0,0,0,0,0,0,0,0,0,0,0,0,0,0,0,0,0,0
49,Ontario,Canada,2859,2859,2859,2861,2862,2862,2862,2863,2863,2863,2863,2865,2870,2872,2873,2875,2876,2876,2879,2883,2885,2885,2886,2887,2888,2889,2892,2896,2899,2983,2993,3026,3035,3038,3039,3043,3048,3055,3056,3056,3069,3071,3078,3089,3090,3101,3103,3107,3115,3124,3131,3132,3141,3151,3153,3159,3170,3179,3186,3195
50,Prince Edward Island,Canada,0,0,0,0,0,0,0,0,0,0,0,0,0,0,0,0,0,0,0,0,0,0,0,0,0,0,0,0,0,0,0,0,0,0,0,0,0,0,0,0,0,0,0,0,0,0,0,0,0,0,0,0,0,0,0,0,0,0,0,0
51,Quebec,Canada,5767,5767,5769,5769,5770,5770,5771,5773,5774,5780,5780,5780,5785,5788,5791,5792,5797,5802,5804,5805,5809,5810,5814,5821,5825,5826,5833,5834,5850,5857,5867,5878,5884,5899,5906,5915,5936,5950,5953,5965,5970,5977,6005,6018,6018,6038,6044,6055,6074,6094,6106,6132,6143,6153,6172,6189,6214,6231,6246,6272
52,Repatriated Travellers,Canada,0,0,0,0,0,0,0,0,0,0,0,0,0,0,0,0,0,0,0,0,0,0,0,0,0,0,0,0,0,0,0,0,0,0,0,0,0,0,0,0,0,0,0,0,0,0,0,0,0,0,0,0,0,0,0,0,0,0,0,0
53,Saskatchewan,Canada,24,24,24,24,24,24,24,24,24,24,24,24,24,24,24,24,24,24,24,24,24,24,24,24,24,24,24,24,24,24,24,24,24,24,24,24,24,24,25,25,25,25,25,25,25,25,25,25,25,25,25,25,25,25,25,25,25,25,25,25
54,Yukon,Canada,0,0,0,0,0,0,0,0,0,0,0,0,0,0,0,0,0,0,0,0,0,0,0,0,0,0,0,0,0,0,0,0,0,0,0,0,0,0,0,0,0,0,0,0,0,0,0,0,0,0,0,0,0,0,0,0,0,1,1,1
55,,Central African Republic,62,62,62,62,62,62,62,62,62,62,62,62,62,62,62,62,62,62,62,62,62,62,62,62,62,62,62,62,62,62,62,62,62,62,62,62,62,62,62,62,62,62,62,62,62,62,62,62,62,62,62,62,62,62,62,62,62,62,62,62
56,,Chad,77,77,77,79,79,79,79,79,79,80,80,81,81,81,81,81,81,81,81,81,82,82,83,83,84,85,85,85,85,85,85,86,86,88,89,89,90,92,92,92,92,92,92,93,93,93,93,93,96,96,96,96,96,96,96,97,97,98,98,98
57,,Chile,11422,11494,11551,11592,11652,11682,11702,11781,11850,11895,11949,12013,12040,12058,12142,12199,12254,12286,12298,12321,12345,12469,12527,12591,12641,12698,12725,12741,12822,12867,12919,12979,13037,13070,13090,13167,13220,13272,13318,13376,13396,13415,13434,13529,13588,13635,13676,13702,13719,13792,13844,13892,13944,14003,14026,14032,14118,14158,14207,14247
58,Anhui,China,6,6,6,6,6,6,6,6,6,6,6,6,6,6,6,6,6,6,6,6,6,6,6,6,6,6,6,6,6,6,6,6,6,6,6,6,6,6,6,6,6,6,6,6,6,6,6,6,6,6,6,6,6,6,6,6,6,6,6,6
59,Beijing,China,9,9,9,9,9,9,9,9,9,9,9,9,9,9,9,9,9,9,9,9,9,9,9,9,9,9,9,9,9,9,9,9,9,9,9,9,9,9,9,9,9,9,9,9,9,9,9,9,9,9,9,9,9,9,9,9,9,9,9,9
60,Chongqing,China,6,6,6,6,6,6,6,6,6,6,6,6,6,6,6,6,6,6,6,6,6,6,6,6,6,6,6,6,6,6,6,6,6,6,6,6,6,6,6,6,6,6,6,6,6,6,6,6,6,6,6,6,6,6,6,6,6,6,6,6
61,Fujian,China,1,1,1,1,1,1,1,1,1,1,1,1,1,1,1,1,1,1,1,1,1,1,1,1,1,1,1,1,1,1,1,1,1,1,1,1,1,1,1,1,1,1,1,1,1,1,1,1,1,1,1,1,1,1,1,1,1,1,1,1
62,Gansu,China,2,2,2,2,2,2,2,2,2,2,2,2,2,2,2,2,2,2,2,2,2,2,2,2,2,2,2,2,2,2,2,2,2,2,2,2,2,2,2,2,2,2,2,2,2,2,2,2,2,2,2,2,2,2,2,2,2,2,2,2
63,Guangdong,China,8,8,8,8,8,8,8,8,8,8,8,8,8,8,8,8,8,8,8,8,8,8,8,8,8,8,8,8,8,8,8,8,8,8,8,8,8,8,8,8,8,8,8,8,8,8,8,8,8,8,8,8,8,8,8,8,8,8,8,8
64,Guangxi,China,2,2,2,2,2,2,2,2,2,2,2,2,2,2,2,2,2,2,2,2,2,2,2,2,2,2,2,2,2,2,2,2,2,2,2,2,2,2,2,2,2,2,2,2,2,2,2,2,2,2,2,2,2,2,2,2,2,2,2,2
65,Guizhou,China,2,2,2,2,2,2,2,2,2,2,2,2,2,2,2,2,2,2,2,2,2,2,2,2,2,2,2,2,2,2,2,2,2,2,2,2,2,2,2,2,2,2,2,2,2,2,2,2,2,2,2,2,2,2,2,2,2,2,2,2
66,Hainan,China,6,6,6,6,6,6,6,6,6,6,6,6,6,6,6,6,6,6,6,6,6,6,6,6,6,6,6,6,6,6,6,6,6,6,6,6,6,6,6,6,6,6,6,6,6,6,6,6,6,6,6,6,6,6,6,6,6,6,6,6
67,Hebei,China,6,6,6,6,6,6,6,6,6,6,6,6,6,6,6,6,6,6,6,6,6,6,6,6,6,6,6,6,6,6,6,6,6,6,6,6,6,6,6,6,6,6,6,6,6,6,6,6,6,6,6,6,6,6,6,6,6,6,6,6
68,Heilongjiang,China,13,13,13,13,13,13,13,13,13,13,13,13,13,13,13,13,13,13,13,13,13,13,13,13,13,13,13,13,13,13,13,13,13,13,13,13,13,13,13,13,13,13,13,13,13,13,13,13,13,13,13,13,13,13,13,13,13,13,13,13
69,Henan,China,22,22,22,22,22,22,22,22,22,22,22,22,22,22,22,22,22,22,22,22,22,22,22,22,22,22,22,22,22,22,22,22,22,22,22,22,22,22,22,22,22,22,22,22,22,22,22,22,22,22,22,22,22,22,22,22,22,22,22,22
70,Hong Kong,China,94,94,94,96,98,99,99,99,99,100,100,101,102,102,102,103,103,103,103,103,104,104,105,105,105,105,105,105,105,105,105,105,105,105,105,105,105,105,105,105,105,105,105,105,105,105,105,105,105,105,105,105,105,105,105,105,105,105,105,105
71,Hubei,China,4512,4512,4512,4512,4512,4512,4512,4512,4512,4512,4512,4512,4512,4512,4512,4512,4512,4512,4512,4512,4512,4512,4512,4512,4512,4512,4512,4512,4512,4512,4512,4512,4512,4512,4512,4512,4512,4512,4512,4512,4512,4512,4512,4512,4512,4512,4512,4512,4512,4512,4512,4512,4512,4512,4512,4512,4512,4512,4512,4512
72,Hunan,China,4,4,4,4,4,4,4,4,4,4,4,4,4,4,4,4,4,4,4,4,4,4,4,4,4,4,4,4,4,4,4,4,4,4,4,4,4,4,4,4,4,4,4,4,4,4,4,4,4,4,4,4,4,4,4,4,4,4,4,4
73,Inner Mongolia,China,1,1,1,1,1,1,1,1,1,1,1,1,1,1,1,1,1,1,1,1,1,1,1,1,1,1,1,1,1,1,1,1,1,1,1,1,1,1,1,1,1,1,1,1,1,1,1,1,1,1,1,1,1,1,1,1,1,1,1,1
74,Jiangsu,China,0,0,0,0,0,0,0,0,0,0,0,0,0,0,0,0,0,0,0,0,0,0,0,0,0,0,0,0,0,0,0,0,0,0,0,0,0,0,0,0,0,0,0,0,0,0,0,0,0,0,0,0,0,0,0,0,0,0,0,0
75,Jiangxi,China,1,1,1,1,1,1,1,1,1,1,1,1,1,1,1,1,1,1,1,1,1,1,1,1,1,1,1,1,1,1,1,1,1,1,1,1,1,1,1,1,1,1,1,1,1,1,1,1,1,1,1,1,1,1,1,1,1,1,1,1
76,Jilin,China,2,2,2,2,2,2,2,2,2,2,2,2,2,2,2,2,2,2,2,2,2,2,2,2,2,2,2,2,2,2,2,2,2,2,2,2,2,2,2,2,2,2,2,2,2,2,2,2,2,2,2,2,2,2,2,2,2,2,2,2
77,Liaoning,China,2,2,2,2,2,2,2,2,2,2,2,2,2,2,2,2,2,2,2,2,2,2,2,2,2,2,2,2,2,2,2,2,2,2,2,2,2,2,2,2,2,2,2,2,2,2,2,2,2,2,2,2,2,2,2,2,2,2,2,2
78,Macau,China,0,0,0,0,0,0,0,0,0,0,0,0,0,0,0,0,0,0,0,0,0,0,0,0,0,0,0,0,0,0,0,0,0,0,0,0,0,0,0,0,0,0,0,0,0,0,0,0,0,0,0,0,0,0,0,0,0,0,0,0
79,Ningxia,China,0,0,0,0,0,0,0,0,0,0,0,0,0,0,0,0,0,0,0,0,0,0,0,0,0,0,0,0,0,0,0,0,0,0,0,0,0,0,0,0,0,0,0,0,0,0,0,0,0,0,0,0,0,0,0,0,0,0,0,0
80,Qinghai,China,0,0,0,0,0,0,0,0,0,0,0,0,0,0,0,0,0,0,0,0,0,0,0,0,0,0,0,0,0,0,0,0,0,0,0,0,0,0,0,0,0,0,0,0,0,0,0,0,0,0,0,0,0,0,0,0,0,0,0,0
81,Shaanxi,China,3,3,3,3,3,3,3,3,3,3,3,3,3,3,3,3,3,3,3,3,3,3,3,3,3,3,3,3,3,3,3,3,3,3,3,3,3,3,3,3,3,3,3,3,3,3,3,3,3,3,3,3,3,3,3,3,3,3,3,3
82,Shandong,China,7,7,7,7,7,7,7,7,7,7,7,7,7,7,7,7,7,7,7,7,7,7,7,7,7,7,7,7,7,7,7,7,7,7,7,7,7,7,7,7,7,7,7,7,7,7,7,7,7,7,7,7,7,7,7,7,7,7,7,7
83,Shanghai,China,7,7,7,7,7,7,7,7,7,7,7,7,7,7,7,7,7,7,7,7,7,7,7,7,7,7,7,7,7,7,7,7,7,7,7,7,7,7,7,7,7,7,7,7,7,7,7,7,7,7,7,7,7,7,7,7,7,7,7,7
84,Shanxi,China,0,0,0,0,0,0,0,0,0,0,0,0,0,0,0,0,0,0,0,0,0,0,0,0,0,0,0,0,0,0,0,0,0,0,0,0,0,0,0,0,0,0,0,0,0,0,0,0,0,0,0,0,0,0,0,0,0,0,0,0
85,Sichuan,China,3,3,3,3,3,3,3,3,3,3,3,3,3,3,3,3,3,3,3,3,3,3,3,3,3,3,3,3,3,3,3,3,3,3,3,3,3,3,3,3,3,3,3,3,3,3,3,3,3,3,3,3,3,3,3,3,3,3,3,3
86,Tianjin,China,3,3,3,3,3,3,3,3,3,3,3,3,3,3,3,3,3,3,3,3,3,3,3,3,3,3,3,3,3,3,3,3,3,3,3,3,3,3,3,3,3,3,3,3,3,3,3,3,3,3,3,3,3,3,3,3,3,3,3,3
87,Tibet,China,0,0,0,0,0,0,0,0,0,0,0,0,0,0,0,0,0,0,0,0,0,0,0,0,0,0,0,0,0,0,0,0,0,0,0,0,0,0,0,0,0,0,0,0,0,0,0,0,0,0,0,0,0,0,0,0,0,0,0,0
88,Xinjiang,China,3,3,3,3,3,3,3,3,3,3,3,3,3,3,3,3,3,3,3,3,3,3,3,3,3,3,3,3,3,3,3,3,3,3,3,3,3,3,3,3,3,3,3,3,3,3,3,3,3,3,3,3,3,3,3,3,3,3,3,3
89,Yunnan,China,2,2,2,2,2,2,2,2,2,2,2,2,2,2,2,2,2,2,2,2,2,2,2,2,2,2,2,2,2,2,2,2,2,2,2,2,2,2,2,2,2,2,2,2,2,2,2,2,2,2,2,2,2,2,2,2,2,2,2,2
90,Zhejiang,China,1,1,1,1,1,1,1,1,1,1,1,1,1,1,1,1,1,1,1,1,1,1,1,1,1,1,1,1,1,1,1,1,1,1,1,1,1,1,1,1,1,1,1,1,1,1,1,1,1,1,1,1,1,1,1,1,1,1,1,1
91,,Colombia,20618,20888,21156,21412,21615,21817,22053,22275,22518,22734,22924,23123,23288,23478,23665,23665,24039,24208,24397,24397,24746,24746,25103,25296,25488,25641,25828,25998,26196,26397,26556,26712,26844,27017,27180,27180,27495,27660,27834,27985,28141,28306,28457,28616,28803,28970,29102,29272,29464,29637,29802,30000,30154,30348,30565,30753,30926,31135,31314,31515
92,,Comoros,7,7,7,7,7,7,7,7,7,7,7,7,7,7,7,7,7,7,7,7,7,7,7,7,7,7,7,7,7,7,7,7,7,7,7,7,7,7,7,7,7,7,7,7,7,7,7,7,7,7,7,7,7,7,7,7,7,7,7,7
93,,Congo (Brazzaville),102,102,102,102,102,114,114,83,88,88,88,88,88,88,88,89,89,89,89,89,89,89,89,89,89,89,89,89,89,89,89,89,89,89,89,89,90,90,90,90,90,92,92,92,92,92,92,92,92,92,92,92,92,92,92,92,92,92,92,92
94,,Congo (Kinshasa),259,259,259,260,260,260,260,262,262,262,264,264,267,267,267,268,268,271,271,271,271,271,271,271,271,271,272,272,272,272,274,274,274,274,276,276,276,276,276,276,276,281,281,301,302,302,303,303,303,304,304,305,305,305,305,305,305,307,307,308
95,,Costa Rica,460,469,478,478,510,531,543,567,583,590,590,621,633,649,666,686,706,706,745,760,781,795,812,828,828,861,880,904,917,930,950,950,987,1004,1024,1040,1055,1076,1076,1108,1124,1134,1159,1168,1183,1183,1204,1222,1236,1251,1265,1282,1282,1312,1329,1340,1357,1371,1385,1385
96,,Cote d'Ivoire,119,119,119,119,119,119,119,119,119,119,120,120,120,120,120,120,120,120,120,120,120,120,120,120,120,120,120,120,120,120,120,120,120,120,120,120,120,120,120,120,120,120,120,121,121,121,121,121,121,121,121,121,122,122,122,124,124,124,126,126
97,,Croatia,194,195,197,198,201,203,206,208,211,218,224,227,230,236,238,244,244,248,253,255,257,261,266,269,272,272,275,280,284,291,293,298,300,304,309,310,313,317,324,327,330,334,344,345,355,363,374,382,393,406,413,429,437,452,470,493,511,531,546,562
98,,Cuba,100,100,100,101,102,104,104,106,106,108,108,108,108,109,109,111,113,115,116,117,118,118,118,120,122,122,122,122,122,122,122,122,123,123,123,123,123,123,123,123,123,123,123,124,125,125,127,127,127,128,128,128,128,128,128,128,128,128,128,128
99,,Cyprus,21,21,21,21,22,22,22,22,22,22,22,22,22,22,22,22,22,22,22,22,22,22,22,22,22,22,22,22,22,22,22,22,22,23,24,24,25,25,25,25,25,25,25,25,25,25,25,25,25,25,25,25,25,25,25,25,25,25,26,26
100,,Czechia,426,429,431,436,437,441,444,448,450,453,456,465,476,482,489,495,499,503,522,531,555,567,581,591,606,618,636,655,678,699,711,727,758,794,829,869,905,948,987,1051,1106,1172,1230,1283,1352,1422,1513,1619,1739,1845,1971,2077,2201,2365,2547,2675,2862,3078,3251,3429
101,Faroe Islands,Denmark,0,0,0,0,0,0,0,0,0,0,0,0,0,0,0,0,0,0,0,0,0,0,0,0,0,0,0,0,0,0,0,0,0,0,0,0,0,0,0,0,0,0,0,0,0,0,0,0,0,0,0,0,0,0,0,0,0,0,0,0
102,Greenland,Denmark,0,0,0,0,0,0,0,0,0,0,0,0,0,0,0,0,0,0,0,0,0,0,0,0,0,0,0,0,0,0,0,0,0,0,0,0,0,0,0,0,0,0,0,0,0,0,0,0,0,0,0,0,0,0,0,0,0,0,0,0
103,,Denmark,626,627,627,627,628,628,628,629,629,630,631,633,633,633,635,635,635,638,640,641,643,645,647,648,649,649,650,650,651,652,654,658,659,663,663,665,665,667,669,671,674,675,677,677,679,680,686,688,690,694,697,700,702,708,709,715,716,719,721,723
104,,Diamond Princess,13,13,13,13,13,13,13,13,13,13,13,13,13,13,13,13,13,13,13,13,13,13,13,13,13,13,13,13,13,13,13,13,13,13,13,13,13,13,13,13,13,13,13,13,13,13,13,13,13,13,13,13,13,13,13,13,13,13,13,13
105,,Djibouti,60,60,60,61,61,61,61,61,61,61,61,61,61,61,61,61,61,61,61,61,61,61,61,61,61,61,61,61,61,61,61,61,61,61,61,61,61,61,61,61,61,61,61,61,61,61,61,61,61,61,61,61,61,61,61,61,61,61,61,61
106,,Dominica,0,0,0,0,0,0,0,0,0,0,0,0,0,0,0,0,0,0,0,0,0,0,0,0,0,0,0,0,0,0,0,0,0,0,0,0,0,0,0,0,0,0,0,0,0,0,0,0,0,0,0,0,0,0,0,0,0,0,0,0
107,,Dominican Republic,1801,1801,1840,1845,1864,1889,1914,1926,1941,1953,1968,1984,1998,2009,2022,2034,2044,2047,2054,2064,2074,2076,2087,2093,2095,2098,2101,2105,2108,2117,2128,2134,2144,2149,2159,2163,2165,2167,2173,2179,2183,2186,2189,2192,2195,2199,2203,2204,2206,2212,2212,2220,2223,2225,2226,2232,2234,2236,2245,2249
108,,Ecuador,6648,6674,6724,6724,10576,10627,10701,10749,10836,10864,10903,10922,10963,10996,11029,11044,11084,11090,11095,11126,11171,11213,11236,11273,11279,11280,11312,11355,11433,11495,11597,11647,11681,11702,11743,12141,12175,12188,12191,12218,12235,12264,12306,12357,12375,12387,12395,12404,12453,12500,12528,12542,12553,12573,12588,12608,12622,12632,12670,12684
109,,Egypt,5479,5495,5511,5530,5541,5560,5577,5590,5607,5627,5648,5661,5679,5696,5715,5733,5750,5770,5787,5806,5822,5835,5853,5869,5883,5901,5914,5930,5946,5956,5970,5981,5990,6001,6010,6017,6029,6040,6052,6062,6071,6077,6088,6099,6109,6120,6130,6142,6155,6166,6176,6187,6199,6211,6222,6234,6247,6258,6266,6278
110,,El Salvador,739,744,752,759,764,765,770,774,777,782,785,788,792,796,801,804,808,811,812,814,819,823,826,826,826,831,839,843,848,853,857,863,865,869,873,877,881,887,890,894,899,904,908,912,917,922,926,929,933,936,940,944,949,953,957,962,967,971,975,979
111,,Equatorial Guinea,83,83,83,83,83,83,83,83,83,83,83,83,83,83,83,83,83,83,83,83,83,83,83,83,83,83,83,83,83,83,83,83,83,83,83,83,83,83,83,83,83,83,83,83,83,83,83,83,83,83,83,83,83,83,83,83,83,83,83,83
112,,Eritrea,0,0,0,0,0,0,0,0,0,0,0,0,0,0,0,0,0,0,0,0,0,0,0,0,0,0,0,0,0,0,0,0,0,0,0,0,0,0,0,0,0,0,0,0,0,0,0,0,0,0,0,0,0,0,0,0,0,0,0,0
113,,Estonia,64,64,64,64,64,64,64,64,64,64,64,64,64,64,64,64,64,64,64,64,64,64,64,64,64,64,64,64,65,66,67,67,67,67,67,67,68,68,68,68,68,68,68,68,68,68,68,71,71,71,73,73,73,73,73,73,73,73,73,73
114,,Eswatini,94,94,94,94,94,96,97,98,98,98,98,101,101,101,103,103,104,104,104,106,108,108,108,108,108,108,108,109,111,111,111,111,112,112,113,113,113,113,113,113,114,114,115,115,115,116,116,116,116,116,116,116,116,116,116,116,117,117,117,117
115,,Ethiopia,856,880,897,918,933,949,966,974,986,996,1013,1022,1035,1045,1060,1072,1089,1096,1108,1127,1141,1148,1155,1165,1170,1177,1191,1198,1205,1208,1214,1222,1230,1238,1255,1262,1271,1277,1287,1301,1305,1312,1325,1337,1346,1352,1365,1371,1384,1396,1400,1419,1426,1437,1445,1451,1457,1464,1469,1478
116,,Fiji,2,2,2,2,2,2,2,2,2,2,2,2,2,2,2,2,2,2,2,2,2,2,2,2,2,2,2,2,2,2,2,2,2,2,2,2,2,2,2,2,2,2,2,2,2,2,2,2,2,2,2,2,2,2,2,2,2,2,2,2
117,,Finland,336,336,336,336,336,336,337,337,337,337,337,337,339,339,339,339,339,339,341,341,343,343,343,343,343,345,345,344,344,345,345,345,346,346,346,346,346,346,346,346,346,350,350,351,351,351,351,351,355,355,353,353,353,354,354,354,354,358,358,358
118,French Guiana,France,61,62,62,62,62,62,62,63,63,63,63,63,64,65,65,65,65,65,65,65,65,65,65,65,65,65,66,66,67,67,67,67,68,69,69,69,69,69,69,69,69,69,69,69,69,69,69,69,69,69,69,69,69,69,70,70,70,70,70,70
119,French Polynesia,France,0,0,0,0,0,0,0,0,2,2,2,2,2,2,2,2,2,2,2,2,5,5,6,6,6,6,7,7,7,8,8,8,9,9,10,10,10,10,10,11,11,13,13,14,14,14,16,16,19,19,20,20,20,26,26,29,29,29,29,29
120,Guadeloupe,France,18,18,18,18,18,18,23,23,23,24,24,24,24,26,26,26,26,26,26,26,42,42,42,42,42,42,42,57,57,57,57,57,57,77,77,77,77,77,77,77,96,96,96,96,96,96,96,115,115,115,115,115,115,115,115,126,126,126,126,126
121,Martinique,France,18,18,18,18,18,18,18,18,18,18,18,18,18,18,18,18,18,18,18,20,20,20,20,20,20,20,20,21,21,21,21,21,21,22,22,22,22,22,22,22,24,24,24,24,24,24,24,24,24,24,24,24,24,24,30,30,30,30,30,30
122,Mayotte,France,40,40,40,40,40,40,40,40,40,40,40,40,40,40,40,40,40,40,40,40,40,40,40,40,40,40,40,42,42,42,42,42,42,42,42,42,43,43,43,43,43,43,43,43,43,43,43,43,44,44,44,44,44,44,44,44,44,44,44,44
123,New Caledonia,France,0,0,0,0,0,0,0,0,0,0,0,0,0,0,0,0,0,0,0,0,0,0,0,0,0,0,0,0,0,0,0,0,0,0,0,0,0,0,0,0,0,0,0,0,0,0,0,0,0,0,0,0,0,0,0,0,0,0,0,0
124,Reunion,France,10,10,11,13,13,13,13,13,14,14,15,15,15,15,15,15,15,15,15,15,15,11,11,11,11,14,14,16,16,16,16,16,16,16,16,16,16,16,16,17,17,17,17,17,17,17,17,17,19,19,20,20,20,20,20,22,22,24,24,24
125,Saint Barthelemy,France,0,0,0,0,0,0,0,0,0,0,0,0,0,0,0,0,0,0,0,0,0,0,0,0,0,0,0,0,0,0,0,0,0,0,0,0,0,0,0,0,0,0,0,0,0,0,0,0,0,0,0,0,0,0,0,0,0,0,0,0
126,Saint Pierre and Miquelon,France,0,0,0,0,0,0,0,0,0,0,0,0,0,0,0,0,0,0,0,0,0,0,0,0,0,0,0,0,0,0,0,0,0,0,0,0,0,0,0,0,0,0,0,0,0,0,0,0,0,0,0,0,0,0,0,0,0,0,0,0
127,St Martin,France,6,6,6,6,6,6,6,6,6,6,6,6,6,6,6,6,6,6,6,6,8,8,8,8,8,8,8,8,8,8,8,8,8,8,8,8,8,8,8,8,8,8,8,8,8,8,8,8,8,8,8,8,8,8,9,9,9,9,9,9
128,Wallis and Futuna,France,0,0,0,0,0,0,0,0,0,0,0,0,0,0,0,0,0,0,0,0,0,0,0,0,0,0,0,0,0,0,0,0,0,0,0,0,0,0,0,0,0,0,0,0,0,0,0,0,0,0,0,0,0,0,0,0,0,0,0,0
129,,France,30564,30542,30553,30555,30578,30616,30643,30661,30740,30757,30761,30795,30844,30889,30936,31090,31115,31126,31179,31256,31283,31333,31483,31522,31549,31630,31701,31761,31817,31952,31977,32009,32078,32143,32222,32295,32404,32439,32485,32580,32687,32791,32876,33054,33127,33212,33358,33620,33782,33936,34234,34370,34349,34732,35253,35496,35728,36273,36495,36726
130,,Gabon,53,53,53,53,53,53,53,53,53,53,53,53,53,53,53,53,53,53,54,54,54,54,54,54,54,54,54,54,54,54,54,54,54,54,54,54,54,54,54,54,54,54,54,54,54,54,54,54,54,54,54,54,54,54,54,55,55,55,55,55
131,,Gambia,99,99,99,99,99,99,99,100,100,102,103,103,105,107,107,108,108,108,108,110,110,110,110,110,111,111,112,112,113,115,115,115,115,117,117,117,117,117,117,118,118,118,118,118,118,118,118,118,118,119,119,119,119,119,119,119,119,119,119,119
132,,Georgia,19,19,19,19,19,19,19,19,19,19,19,19,19,19,19,19,19,19,20,23,25,26,27,28,28,32,36,39,41,46,48,50,54,58,63,66,72,78,85,93,102,109,113,124,128,136,143,158,172,178,183,193,201,215,238,253,273,285,307,335
133,,Germany,9322,9327,9329,9330,9331,9336,9342,9345,9348,9352,9354,9356,9367,9373,9376,9386,9388,9390,9390,9405,9423,9436,9451,9459,9464,9468,9483,9495,9509,9518,9531,9533,9554,9566,9582,9594,9599,9620,9626,9640,9682,9716,9739,9773,9785,9798,9842,9882,9911,9960,9978,10035,10062,10091,10121,10218,10305,10391,10483,10513
134,,Ghana,280,283,283,283,283,283,283,283,285,286,286,294,294,294,294,295,297,297,297,297,299,299,299,299,299,299,301,301,301,301,303,303,303,303,303,306,306,306,306,308,310,310,310,310,310,310,310,312,312,312,314,316,316,316,316,316,320,320,320,320
135,,Greece,278,279,280,284,289,290,293,297,300,302,305,310,313,316,325,327,331,338,344,352,357,366,369,376,379,383,388,391,393,398,405,409,417,420,424,430,431,436,449,456,462,469,482,490,500,509,520,528,534,549,559,564,574,581,593,603,615,620,626,635
136,,Grenada,0,0,0,0,0,0,0,0,0,0,0,0,0,0,0,0,0,0,0,0,0,0,0,0,0,0,0,0,0,0,0,0,0,0,0,0,0,0,0,0,0,0,0,0,0,0,0,0,0,0,0,0,0,0,0,0,0,0,0,0
137,,Guatemala,2804,2825,2845,2852,2862,2890,2897,2918,2929,2949,2957,2972,2984,3009,3036,3076,3105,3119,3124,3137,3154,3170,3186,3213,3229,3234,3238,3246,3261,3267,3285,3293,3302,3310,3335,3347,3356,3365,3384,3387,3410,3430,3453,3478,3515,3530,3541,3546,3567,3580,3594,3609,3644,3651,3665,3682,3704,3714,3729,3738
138,,Guinea,61,61,61,61,62,63,63,63,63,63,63,63,63,63,63,63,63,64,65,65,65,65,65,65,66,66,66,66,66,66,66,66,67,68,68,68,68,69,69,70,70,70,70,70,70,70,70,70,70,71,71,71,71,71,71,71,71,72,72,73
139,,Guinea-Bissau,34,38,38,38,38,38,38,39,39,39,39,39,39,39,39,39,39,39,39,39,39,39,39,39,39,39,39,39,39,39,39,39,40,40,40,40,40,40,40,41,41,41,41,41,41,41,41,41,41,41,41,41,41,41,41,41,41,41,41,41
140,,Guyana,44,44,46,46,47,48,48,49,52,54,56,56,58,58,60,62,64,64,65,67,69,71,73,74,76,78,78,80,82,85,85,87,90,92,95,98,100,102,103,104,106,106,107,107,109,109,111,114,116,117,117,117,119,119,119,123,123,124,124,126
141,,Haiti,210,212,212,214,214,214,214,215,216,219,219,219,220,220,220,221,221,221,221,223,225,227,227,227,227,227,227,229,229,229,229,229,229,229,229,230,230,230,230,230,230,231,231,231,231,231,231,231,231,231,231,231,232,232,232,232,232,232,232,232
142,,Holy See,0,0,0,0,0,0,0,0,0,0,0,0,0,0,0,0,0,0,0,0,0,0,0,0,0,0,0,0,0,0,0,0,0,0,0,0,0,0,0,0,0,0,0,0,0,0,0,0,0,0,0,0,0,0,0,0,0,0,0,0
143,,Honduras,1954,1984,2006,2007,2023,2034,2044,2049,2058,2065,2079,2087,2087,2102,2122,2146,2166,2184,2204,2206,2222,2249,2271,2288,2288,2301,2323,2353,2380,2386,2399,2422,2433,2447,2466,2477,2492,2504,2512,2521,2528,2533,2552,2556,2563,2568,2576,2582,2596,2604,2604,2617,2623,2633,2639,2652,2661,2669,2669,2675
144,,Hungary,620,621,624,624,625,626,628,630,631,633,637,642,646,654,663,669,675,683,686,694,702,709,718,730,736,749,757,765,781,798,812,822,833,853,877,898,913,933,954,968,996,1023,1052,1085,1109,1142,1173,1211,1259,1305,1352,1390,1425,1472,1535,1578,1634,1699,1750,1819
145,,Iceland,10,10,10,10,10,10,10,10,10,10,10,10,10,10,10,10,10,10,10,10,10,10,10,10,10,10,10,10,10,10,10,10,10,10,10,10,10,10,10,10,10,10,10,11,11,11,11,11,11,11,11,11,11,11,11,12,12,12,12,12
146,,India,68472,69561,70626,71642,72775,73890,75062,76271,77472,78586,79722,80776,82066,83198,84372,85619,86752,87882,88935,90020,91149,92290,93379,94503,95542,96318,97497,98678,99773,100842,101782,102685,103569,104555,105526,106490,107416,108334,109150,109856,110586,111266,112161,112998,114031,114610,115197,115914,116616,117306,117956,118534,119014,119502,120010,120527,121090,121641,122111,122607
147,,Indonesia,7750,7832,7940,8025,8130,8230,8336,8456,8544,8650,8723,8841,8965,9100,9222,9336,9448,9553,9677,9837,9977,10105,10218,10308,10386,10473,10601,10740,10856,10972,11055,11151,11253,11374,11472,11580,11677,11765,11844,11935,12027,12156,12268,12347,12431,12511,12617,12734,12857,12959,13077,13205,13299,13411,13512,13612,13701,13782,13869,13943
148,,Iran,21926,22044,22154,22293,22410,22542,22669,22798,22913,23029,23157,23313,23453,23632,23808,23952,24118,24301,24478,24656,24840,25015,25222,25394,25589,25779,25986,26169,26380,26567,26746,26957,27192,27419,27658,27888,28098,28293,28544,28816,29070,29349,29605,29870,30123,30375,30712,31034,31346,31650,31985,32320,32616,32953,33299,33714,34113,34478,34864,35298
149,,Iraq,7275,7359,7422,7512,7589,7657,7732,7814,7881,7941,8014,8086,8166,8248,8332,8408,8491,8555,8625,8682,8754,8799,8867,8935,8990,9052,9122,9181,9231,9298,9347,9399,9464,9531,9604,9683,9735,9790,9852,9912,9970,10021,10086,10142,10198,10254,10317,10366,10418,10465,10513,10568,10623,10671,10724,10770,10815,10862,10910,10966
150,,Ireland,1777,1777,1777,1777,1777,1778,1781,1781,1781,1783,1784,1784,1787,1788,1789,1792,1792,1792,1792,1792,1794,1797,1797,1802,1802,1802,1803,1804,1806,1801,1810,1810,1810,1811,1816,1817,1821,1824,1826,1827,1830,1835,1838,1841,1849,1852,1852,1865,1868,1871,1878,1882,1882,1885,1890,1896,1902,1908,1913,1915
151,,Israel,998,1010,1025,1037,1054,1074,1089,1103,1123,1138,1155,1175,1191,1217,1235,1255,1282,1303,1334,1360,1385,1416,1446,1471,1503,1532,1567,1604,1650,1675,1712,1748,1775,1820,1846,1893,1933,1968,2014,2044,2082,2117,2148,2182,2214,2247,2278,2298,2323,2352,2378,2405,2440,2468,2496,2506,2525,2536,2561,2580
152,,Italy,35507,35518,35534,35541,35553,35563,35577,35587,35597,35603,35610,35624,35633,35645,35658,35668,35692,35707,35724,35738,35758,35781,35801,35818,35835,35851,35875,35894,35918,35941,35968,35986,36002,36030,36061,36083,36111,36140,36166,36205,36246,36289,36372,36427,36474,36543,36616,36705,36832,36968,37059,37210,37338,37479,37700,37905,38122,38321,38618,38826
153,,Jamaica,29,30,32,33,34,36,38,40,40,40,42,44,46,46,51,55,60,67,70,75,76,77,80,88,89,93,101,107,111,116,119,120,120,123,126,128,132,138,139,146,146,151,160,162,168,171,173,174,174,179,182,186,188,192,196,198,202,205,206,208
154,,Japan,1334,1352,1361,1366,1377,1398,1412,1416,1428,1441,1448,1455,1463,1481,1490,1500,1504,1508,1518,1519,1525,1540,1544,1547,1549,1561,1568,1575,1580,1591,1594,1598,1602,1609,1614,1617,1623,1626,1628,1631,1635,1646,1650,1664,1670,1672,1676,1679,1686,1697,1706,1710,1716,1721,1726,1731,1748,1756,1769,1776
155,,Jordan,15,16,16,16,17,19,19,20,21,22,24,26,26,26,26,29,30,30,32,33,35,36,39,43,45,51,57,61,69,79,88,101,110,122,131,144,166,181,191,207,225,257,282,310,330,345,380,414,443,481,508,540,579,624,668,700,740,772,829,866
156,,Kazakhstan,1889,1893,1893,1901,1902,1903,1950,1951,1952,1954,1955,1962,1965,2003,2006,2008,2009,2014,2015,2016,2044,2045,2046,2046,2048,2049,2050,2078,2080,2082,2083,2083,2085,2085,2107,2108,2110,2111,2113,2114,2116,2141,2141,2144,2148,2149,2150,2155,2184,2186,2187,2189,2189,2190,2191,2221,2222,2224,2226,2227
157,,Kenya,585,589,594,597,599,599,607,612,616,619,622,624,634,634,642,646,646,648,650,659,664,669,682,689,691,700,707,711,711,725,728,731,735,743,748,751,755,760,766,777,787,797,805,813,825,832,839,842,858,870,884,896,902,920,934,934,964,981,981,1013
158,,"Korea, South",331,333,334,336,341,344,346,350,355,358,363,367,367,372,377,378,383,385,388,388,393,395,399,401,406,407,413,415,416,420,421,422,422,425,427,428,430,432,433,434,438,439,441,443,444,444,447,450,453,455,457,457,457,460,461,462,463,464,466,468
159,,Kosovo,548,551,556,563,568,568,574,581,586,589,596,600,601,604,607,611,614,614,615,615,616,616,617,619,622,625,625,625,627,627,630,630,633,635,638,638,641,645,647,648,649,650,650,652,652,653,656,657,657,657,659,661,663,663,663,673,673,678,678,678
160,,Kuwait,536,537,540,544,546,548,552,556,557,558,560,563,568,571,575,580,581,584,585,588,590,592,595,597,601,605,607,610,612,615,620,624,628,632,639,642,649,655,658,664,672,676,684,690,694,701,710,714,721,730,740,744,746,749,756,763,767,773,779,782
161,,Kyrgyzstan,1059,1060,1060,1060,1060,1060,1061,1061,1063,1063,1063,1063,1063,1063,1063,1063,1063,1063,1063,1063,1063,1063,1063,1063,1063,1064,1064,1064,1065,1065,1066,1066,1066,1066,1069,1073,1077,1082,1085,1090,1092,1094,1099,1103,1108,1111,1111,1113,1118,1122,1126,1130,1134,1134,1136,1138,1139,1142,1144,1144
162,,Laos,0,0,0,0,0,0,0,0,0,0,0,0,0,0,0,0,0,0,0,0,0,0,0,0,0,0,0,0,0,0,0,0,0,0,0,0,0,0,0,0,0,0,0,0,0,0,0,0,0,0,0,0,0,0,0,0,0,0,0,0
163,,Latvia,34,35,35,35,35,35,35,35,35,35,35,35,35,35,36,36,36,36,36,36,36,36,36,36,36,36,37,37,37,38,38,38,39,40,40,40,40,40,40,40,41,41,41,42,43,44,44,47,47,49,50,54,56,60,63,63,64,69,71,74
164,,Lebanon,179,183,187,191,200,207,212,219,229,239,241,246,252,259,263,281,286,297,307,315,328,329,333,340,347,351,361,367,374,386,398,406,414,424,433,439,450,455,459,466,479,499,501,509,517,520,526,531,536,552,559,562,565,579,590,602,610,625,637,643
165,,Lesotho,31,31,31,31,31,31,31,31,33,33,33,33,33,33,33,33,33,33,33,33,35,35,35,35,35,35,35,36,38,39,39,39,39,39,40,41,42,42,42,42,42,42,42,42,42,42,42,43,43,43,43,43,43,43,43,43,43,44,44,44
166,,Liberia,82,82,82,82,82,82,82,82,82,82,82,82,82,82,82,82,82,82,82,82,82,82,82,82,82,82,82,82,82,82,82,82,82,82,82,82,82,82,82,82,82,82,82,82,82,82,82,82,82,82,82,82,82,82,82,82,82,82,82,82
167,,Libya,254,262,272,285,296,314,324,339,352,354,362,368,383,394,409,418,436,444,450,460,469,474,491,499,520,527,540,551,559,570,578,592,596,602,608,616,621,623,631,644,656,669,681,699,699,725,732,746,765,768,774,790,795,801,812,823,831,847,857,871
168,,Liechtenstein,1,1,1,1,1,1,1,1,1,1,1,1,1,1,1,1,1,1,1,1,1,1,1,1,1,1,1,1,1,1,1,1,1,1,1,1,1,1,1,1,1,1,1,1,1,1,1,1,1,1,1,1,1,1,1,1,1,2,3,3
169,,Lithuania,86,86,86,86,86,86,86,86,86,86,87,87,87,87,87,87,87,87,87,87,87,89,89,89,91,92,92,92,92,93,94,94,94,99,101,102,103,103,103,103,106,109,110,112,113,113,113,118,120,125,126,129,134,136,141,144,150,157,165,166
170,,Luxembourg,124,124,124,124,124,124,124,124,124,124,124,124,124,124,124,124,124,124,124,124,124,124,124,124,124,124,124,124,125,125,125,125,127,128,128,129,130,131,132,133,133,133,133,133,133,133,135,136,138,140,141,141,141,147,147,147,150,152,152,152
171,,MS Zaandam,2,2,2,2,2,2,2,2,2,2,2,2,2,2,2,2,2,2,2,2,2,2,2,2,2,2,2,2,2,2,2,2,2,2,2,2,2,2,2,2,2,2,2,2,2,2,2,2,2,2,2,2,2,2,2,2,2,2,2,2
172,,Madagascar,197,198,199,200,202,206,206,208,209,210,211,213,214,215,216,217,219,223,225,226,226,227,228,229,229,229,229,230,232,232,232,232,233,234,235,235,237,237,237,237,237,237,237,237,238,238,238,238,238,238,238,244,244,244,244,244,244,244,244,244
173,,Malawi,175,175,175,175,176,176,176,176,177,177,177,178,178,178,179,179,179,179,179,179,179,179,179,179,179,179,179,179,179,179,179,179,180,180,180,180,180,180,180,180,181,181,181,181,181,181,181,182,183,183,183,183,183,183,183,184,184,184,184,184
174,,Malaysia,128,128,128,128,128,128,128,128,128,128,128,128,128,128,128,129,130,130,130,130,133,133,133,133,134,134,134,136,136,136,137,137,137,141,141,146,152,155,157,159,163,167,170,176,180,187,190,193,199,204,214,221,229,236,238,246,246,249,249,249
175,,Maldives,29,29,29,29,29,29,31,31,31,31,32,33,33,33,33,33,33,33,34,34,34,34,34,34,34,34,34,34,34,34,34,34,34,34,34,34,34,34,35,35,35,35,35,35,36,37,37,37,37,37,37,37,37,37,37,37,37,37,38,38
176,,Mali,126,126,126,127,127,127,128,128,128,128,128,128,128,128,128,128,128,128,128,129,130,130,130,130,130,130,131,131,131,131,131,131,131,131,131,131,131,132,132,132,132,132,132,132,132,132,132,132,132,132,132,132,132,133,136,136,136,136,136,136
177,,Malta,13,13,14,14,14,14,14,14,15,15,15,16,16,16,16,17,19,20,23,23,25,27,29,31,31,32,34,35,35,37,38,39,39,40,41,41,41,41,41,43,44,44,45,45,45,45,45,46,46,49,49,50,51,53,55,56,59,61,62,64
178,,Marshall Islands,0,0,0,0,0,0,0,0,0,0,0,0,0,0,0,0,0,0,0,0,0,0,0,0,0,0,0,0,0,0,0,0,0,0,0,0,0,0,0,0,0,0,0,0,0,0,0,0,0,0,0,0,0,0,0,0,0,0,0,0
179,,Mauritania,160,160,160,160,160,160,161,161,161,161,161,161,161,161,161,161,161,161,161,161,161,161,161,161,161,161,161,161,161,162,162,162,162,162,162,162,163,163,163,163,163,163,163,163,163,163,163,163,163,163,163,163,163,163,163,163,163,163,163,163
180,,Mauritius,10,10,10,10,10,10,10,10,10,10,10,10,10,10,10,10,10,10,10,10,10,10,10,10,10,10,10,10,10,10,10,10,10,10,10,10,10,10,10,10,10,10,10,10,10,10,10,10,10,10,10,10,10,10,10,10,10,10,10,10
181,,Mexico,66329,66851,67326,67558,67781,68484,69049,69649,70183,70604,70821,71049,71678,71978,72179,72803,73258,73493,73697,74348,74949,75439,75844,76243,76430,76603,77163,77646,78078,78492,78880,79088,81877,82348,82726,83096,83497,83642,83781,83945,84420,84898,85285,85704,86059,86167,86338,86893,87415,87415,88312,88743,88924,89171,89814,90309,90773,91289,91753,91895
182,,Micronesia,0,0,0,0,0,0,0,0,0,0,0,0,0,0,0,0,0,0,0,0,0,0,0,0,0,0,0,0,0,0,0,0,0,0,0,0,0,0,0,0,0,0,0,0,0,0,0,0,0,0,0,0,0,0,0,0,0,0,0,0
183,,Moldova,1036,1047,1063,1063,1074,1087,1096,1106,1114,1117,1123,1129,1143,1159,1170,1186,1201,1203,1211,1230,1244,1252,1264,1279,1287,1301,1310,1320,1336,1344,1353,1366,1375,1389,1406,1424,1442,1458,1461,1478,1495,1514,1530,1549,1569,1584,1600,1617,1630,1641,1654,1669,1685,1700,1710,1729,1747,1766,1785,1800
184,,Monaco,1,1,1,1,1,1,1,1,1,1,1,1,1,1,1,1,1,1,1,1,1,1,2,2,2,2,2,2,2,2,2,2,2,2,2,2,2,2,2,2,2,2,2,2,2,2,2,2,2,2,2,2,2,2,2,2,2,2,2,2
185,,Mongolia,0,0,0,0,0,0,0,0,0,0,0,0,0,0,0,0,0,0,0,0,0,0,0,0,0,0,0,0,0,0,0,0,0,0,0,0,0,0,0,0,0,0,0,0,0,0,0,0,0,0,0,0,0,0,0,0,0,0,0,0
186,,Montenegro,104,106,107,108,109,112,114,114,115,118,120,121,123,126,129,133,134,136,138,146,151,154,155,158,158,163,164,169,170,172,174,179,182,188,190,191,194,198,202,211,213,217,221,228,231,236,240,247,250,253,255,263,266,270,275,282,290,294,301,313
187,,Morocco,1253,1292,1329,1361,1394,1427,1453,1491,1524,1553,1578,1614,1648,1686,1714,1755,1795,1830,1855,1889,1918,1956,1998,2041,2069,2113,2152,2194,2229,2263,2293,2330,2369,2410,2439,2486,2530,2572,2605,2636,2685,2726,2772,2818,2878,2928,2976,3027,3079,3132,3205,3255,3301,3373,3445,3506,3572,3625,3695,3762
188,,Mozambique,26,26,26,27,27,28,28,31,31,35,35,35,37,39,39,40,41,43,44,45,49,51,53,54,58,59,59,61,62,64,64,66,66,67,68,68,69,70,71,72,73,73,73,73,74,75,75,78,79,81,82,85,86,88,89,91,91,91,92,93
189,,Namibia,86,87,87,89,91,91,93,96,98,98,101,103,106,108,108,108,111,112,113,116,117,119,119,120,120,121,121,121,123,123,123,123,125,125,126,127,127,128,128,129,129,130,130,131,131,131,131,132,133,133,133,133,133,133,133,133,133,133,133,133
190,,Nepal,257,271,280,289,300,306,312,317,322,336,345,360,371,379,383,390,401,411,427,429,436,453,459,467,477,481,491,498,509,520,528,535,554,563,578,590,600,614,636,645,663,675,694,715,727,739,757,765,791,812,829,842,847,862,876,887,904,920,937,960
191,Aruba,Netherlands,13,13,14,14,15,15,15,16,18,18,18,20,22,22,23,23,23,23,24,25,25,25,25,25,25,25,26,27,27,30,30,30,31,31,31,31,32,32,33,33,33,32,32,32,34,34,34,34,35,36,36,36,36,36,36,37,37,37,38,38
192,"Bonaire, Sint Eustatius and Saba",Netherlands,0,0,0,0,0,0,0,0,0,0,0,0,0,1,1,1,1,1,1,1,1,1,1,1,1,1,1,1,1,1,1,1,1,2,2,2,2,2,2,2,2,2,2,2,3,3,3,3,3,3,3,3,3,3,3,3,3,3,3,3
193,Curacao,Netherlands,1,1,1,1,1,1,1,1,1,1,1,1,1,1,1,1,1,1,1,1,1,1,1,1,1,1,1,1,1,1,1,1,1,1,1,1,1,1,1,1,1,1,1,1,1,1,1,1,1,1,1,1,1,1,1,1,1,1,1,1
194,Sint Maarten,Netherlands,19,19,19,19,19,19,19,19,19,19,19,19,19,19,19,20,20,20,20,20,21,22,22,22,22,22,22,22,22,22,22,22,22,22,22,22,22,22,22,22,22,22,22,22,22,22,22,22,22,22,22,22,22,22,22,22,22,22,22,22
195,,Netherlands,6235,6237,6241,6243,6243,6244,6246,6249,6252,6253,6254,6256,6258,6260,6266,6273,6275,6279,6281,6291,6296,6312,6328,6366,6374,6380,6393,6406,6419,6428,6449,6454,6454,6482,6518,6531,6544,6567,6584,6596,6631,6663,6692,6708,6737,6751,6768,6814,6873,6919,6964,7019,7046,7072,7142,7202,7258,7345,7395,7434
196,,New Zealand,22,24,24,24,24,24,24,24,24,24,24,24,25,25,25,25,25,25,25,25,25,25,25,25,25,25,25,25,25,25,25,25,25,25,25,25,25,25,25,25,25,25,25,25,25,25,25,25,25,25,25,25,25,25,25,25,25,25,25,25
197,,Nicaragua,141,141,141,141,141,144,144,144,144,144,144,144,147,147,147,147,147,147,147,149,149,149,149,149,149,149,151,151,151,151,151,151,151,151,153,153,153,153,153,153,154,154,154,154,154,154,154,155,155,155,155,155,155,155,156,156,156,156,156,156
198,,Niger,69,69,69,69,69,69,69,69,69,69,69,69,69,69,69,69,69,69,69,69,69,69,69,69,69,69,69,69,69,69,69,69,69,69,69,69,69,69,69,69,69,69,69,69,69,69,69,69,69,69,69,69,69,69,69,69,69,69,69,69
199,,Nigeria,1048,1051,1054,1057,1061,1067,1070,1075,1076,1078,1082,1083,1088,1091,1093,1094,1095,1098,1100,1100,1102,1102,1103,1106,1108,1111,1111,1112,1112,1112,1113,1113,1113,1113,1113,1113,1113,1115,1115,1115,1116,1116,1116,1119,1123,1125,1125,1125,1125,1127,1129,1129,1130,1132,1135,1139,1141,1144,1144,1146
200,,North Macedonia,606,609,614,617,623,631,634,637,642,646,648,652,661,668,675,683,689,693,700,705,710,712,721,722,725,729,737,739,743,749,753,756,760,768,772,775,781,785,792,797,800,809,815,821,824,834,846,850,862,874,883,897,919,934,949,963,977,982,994,1004
201,,Norway,264,264,264,264,264,264,264,265,265,265,265,265,265,265,266,267,267,267,267,267,267,270,270,270,270,274,274,274,274,275,275,275,275,275,275,275,275,275,275,276,277,277,278,278,278,278,278,278,279,279,279,279,279,279,280,280,281,282,282,282
202,,Oman,705,705,705,728,734,742,751,762,762,762,780,790,797,805,818,818,818,846,853,865,875,885,885,885,909,924,935,935,935,935,935,977,985,990,1000,1009,1009,1009,1038,1046,1053,1061,1071,1071,1071,1101,1114,1122,1137,1147,1147,1147,1174,1190,1203,1208,1208,1208,1208,1246
203,,Pakistan,6335,6340,6340,6345,6350,6359,6365,6370,6373,6379,6383,6389,6393,6399,6408,6415,6416,6420,6424,6432,6437,6444,6451,6457,6466,6474,6479,6484,6499,6507,6513,6513,6523,6535,6544,6552,6558,6570,6580,6588,6601,6614,6621,6638,6654,6659,6673,6692,6702,6715,6727,6736,6739,6745,6759,6775,6795,6806,6823,6835
204,,Panama,2046,2063,2075,2086,2099,2107,2116,2127,2140,2155,2166,2173,2187,2198,2213,2229,2247,2257,2272,2285,2291,2297,2311,2323,2340,2348,2364,2372,2387,2406,2414,2423,2430,2440,2448,2463,2474,2482,2491,2502,2511,2519,2529,2546,2557,2564,2574,2585,2597,2612,2622,2628,2633,2638,2650,2663,2678,2688,2700,2706
205,,Papua New Guinea,5,5,5,5,5,5,5,5,5,5,6,6,6,6,6,6,6,7,7,7,7,7,7,7,7,7,7,7,7,7,7,7,7,7,7,7,7,7,7,7,7,7,7,7,7,7,7,7,7,7,7,7,7,7,7,7,7,7,7,7
206,,Paraguay,373,398,412,435,449,463,474,485,496,514,525,539,552,566,584,611,636,659,676,705,727,743,761,782,803,818,841,857,869,890,913,929,947,966,989,1012,1045,1065,1077,1096,1108,1131,1150,1165,1179,1188,1207,1231,1250,1262,1278,1293,1309,1333,1347,1359,1373,1387,1404,1418
207,,Peru,29068,29405,29554,29687,29838,29976,30123,30236,30344,30470,30526,30710,30812,30927,31051,31146,31283,31369,31369,31369,31568,31870,32037,32037,32142,32262,32324,32396,32463,32535,32609,32609,32742,32834,32914,33009,33098,33223,33305,33357,33419,33419,33577,33577,33648,33702,33759,33820,33875,33984,33984,34033,34149,34149,34197,34257,34315,34362,34411,34476
208,,Philippines,3688,3737,3790,3875,3890,3916,3986,4066,4108,4292,4371,4630,4663,4732,4785,4830,4930,4984,4999,5049,5091,5127,5196,5284,5344,5381,5448,5504,5562,5616,5678,5776,5840,5865,5925,6069,6152,6238,6321,6332,6372,6449,6497,6531,6603,6652,6675,6690,6747,6783,6915,6934,6977,7039,7053,7114,7147,7185,7221,7238
209,,Poland,2092,2100,2113,2120,2124,2136,2147,2159,2169,2182,2188,2203,2227,2237,2253,2270,2282,2293,2298,2316,2344,2369,2392,2424,2432,2447,2483,2513,2543,2570,2604,2630,2659,2717,2792,2867,2919,2972,3004,3039,3101,3217,3308,3440,3524,3573,3614,3721,3851,4019,4172,4351,4438,4483,4615,4849,5149,5351,5631,5783
210,,Portugal,1829,1833,1838,1840,1843,1846,1849,1852,1855,1860,1867,1871,1875,1878,1888,1894,1899,1912,1920,1925,1928,1931,1936,1944,1953,1957,1963,1971,1977,1983,1995,2005,2018,2032,2040,2050,2062,2067,2080,2094,2110,2117,2128,2149,2162,2181,2198,2213,2229,2245,2276,2297,2316,2343,2371,2395,2428,2468,2507,2544
211,,Qatar,201,201,202,203,205,205,205,205,205,205,205,207,208,208,208,209,209,210,211,211,212,212,212,214,214,214,214,214,214,215,216,216,216,216,218,218,219,219,220,220,220,220,222,222,223,224,224,224,225,228,229,229,230,230,230,230,231,232,232,232
212,,Romania,3765,3812,3850,3893,3926,3967,4018,4065,4100,4127,4163,4185,4236,4285,4312,4360,4402,4435,4458,4503,4550,4591,4633,4687,4718,4748,4792,4825,4862,4915,4947,5003,5048,5121,5203,5247,5299,5358,5411,5467,5535,5601,5674,5749,5812,5872,5931,5996,6065,6163,6245,6318,6391,6470,6574,6681,6764,6867,6968,7067
213,,Russia,17479,17598,17707,17768,17818,17939,18080,18207,18309,18426,18517,18573,18723,18853,18996,19128,19270,19349,19420,19575,19720,19867,19973,20140,20239,20299,20456,20630,20796,20981,21153,21260,21375,21559,21755,21939,22137,22331,22471,22594,22834,23069,23350,23580,23857,24039,24205,24473,24786,25072,25353,25647,25875,26092,26409,26752,27111,27462,27787,28026
214,,Rwanda,18,18,18,19,19,20,21,22,22,22,22,22,22,22,23,25,26,26,27,27,27,27,29,29,29,29,29,29,29,29,29,29,29,29,29,29,30,30,31,32,32,33,33,34,34,34,34,34,34,34,34,34,34,34,35,35,35,35,35,35
215,,Saint Kitts and Nevis,0,0,0,0,0,0,0,0,0,0,0,0,0,0,0,0,0,0,0,0,0,0,0,0,0,0,0,0,0,0,0,0,0,0,0,0,0,0,0,0,0,0,0,0,0,0,0,0,0,0,0,0,0,0,0,0,0,0,0,0
216,,Saint Lucia,0,0,0,0,0,0,0,0,0,0,0,0,0,0,0,0,0,0,0,0,0,0,0,0,0,0,0,0,0,0,0,0,0,0,0,0,0,0,0,0,0,0,0,0,0,0,0,0,0,0,0,0,0,0,0,0,0,0,0,0
217,,Saint Vincent and the Grenadines,0,0,0,0,0,0,0,0,0,0,0,0,0,0,0,0,0,0,0,0,0,0,0,0,0,0,0,0,0,0,0,0,0,0,0,0,0,0,0,0,0,0,0,0,0,0,0,0,0,0,0,0,0,0,0,0,0,0,0,0
218,,Samoa,0,0,0,0,0,0,0,0,0,0,0,0,0,0,0,0,0,0,0,0,0,0,0,0,0,0,0,0,0,0,0,0,0,0,0,0,0,0,0,0,0,0,0,0,0,0,0,0,0,0,0,0,0,0,0,0,0,0,0,0
219,,San Marino,42,42,42,42,42,42,42,42,42,42,42,42,42,42,42,42,42,42,42,42,42,42,42,42,42,42,42,42,42,42,42,42,42,42,42,42,42,42,42,42,42,42,42,42,42,42,42,42,42,42,42,42,42,42,42,42,42,42,42,42
220,,Sao Tome and Principe,15,15,15,15,15,15,15,15,15,15,15,15,15,15,15,15,15,15,15,15,15,15,15,15,15,15,15,15,15,15,15,15,15,15,15,15,15,15,15,15,15,15,15,15,15,15,15,15,15,15,15,15,15,15,15,15,16,16,16,16
221,,Saudi Arabia,3982,4015,4049,4081,4107,4137,4165,4189,4213,4240,4268,4305,4338,4369,4399,4430,4458,4485,4512,4542,4569,4599,4625,4655,4683,4712,4739,4768,4794,4823,4850,4875,4898,4923,4947,4972,4996,5018,5043,5068,5087,5108,5127,5144,5165,5185,5201,5217,5235,5250,5264,5281,5296,5313,5329,5348,5363,5383,5402,5420
222,,Senegal,287,289,290,290,291,292,293,293,293,295,297,297,298,299,300,301,302,302,302,302,303,304,304,306,308,309,310,311,311,312,312,312,312,312,313,313,313,314,314,315,315,316,316,317,317,317,319,320,321,321,321,321,321,322,322,322,323,323,324,325
223,,Serbia,718,721,723,724,725,727,728,729,730,731,733,733,735,736,738,739,740,741,743,743,744,745,746,746,747,748,749,749,750,751,753,754,756,757,758,760,761,762,763,765,767,768,770,772,774,776,778,780,780,783,786,789,792,793,798,803,809,814,820,826
224,,Seychelles,0,0,0,0,0,0,0,0,0,0,0,0,0,0,0,0,0,0,0,0,0,0,0,0,0,0,0,0,0,0,0,0,0,0,0,0,0,0,0,0,0,0,0,0,0,0,0,0,0,0,0,0,0,0,0,0,0,0,0,0
225,,Sierra Leone,71,71,71,71,71,72,72,72,72,72,72,72,72,72,72,72,72,72,72,72,72,72,72,72,72,72,72,72,72,72,72,72,72,72,72,72,72,72,72,72,72,73,73,73,73,73,73,73,73,73,74,74,74,74,74,74,74,74,74,74
226,,Singapore,27,27,27,27,27,27,27,27,27,27,27,27,27,27,27,27,27,27,27,27,27,27,27,27,27,27,27,27,27,27,27,27,27,27,27,27,27,27,27,28,28,28,28,28,28,28,28,28,28,28,28,28,28,28,28,28,28,28,28,28
227,,Slovakia,37,37,37,37,37,37,37,37,37,38,38,38,38,38,39,39,39,39,39,40,41,41,41,44,44,44,45,48,48,54,54,55,55,55,55,57,57,61,61,61,61,66,71,71,82,88,92,98,98,115,134,159,159,165,176,184,200,212,219,219
228,,Slovenia,134,134,135,135,135,135,135,135,135,135,135,135,135,135,136,140,141,142,142,142,143,145,145,146,147,149,149,150,152,154,155,155,156,159,159,160,165,167,167,169,173,175,176,180,184,188,190,192,200,211,214,235,240,251,264,278,292,315,338,363
229,,Solomon Islands,0,0,0,0,0,0,0,0,0,0,0,0,0,0,0,0,0,0,0,0,0,0,0,0,0,0,0,0,0,0,0,0,0,0,0,0,0,0,0,0,0,0,0,0,0,0,0,0,0,0,0,0,0,0,0,0,0,0,0,0
230,,Somalia,98,97,97,97,97,97,97,97,98,98,98,98,98,98,98,98,98,98,98,98,98,98,98,99,99,99,99,99,99,99,99,99,99,99,99,99,99,99,99,99,99,99,99,99,99,99,99,101,101,102,102,102,104,104,104,104,104,104,104,104
231,,South Africa,14563,14678,14779,14889,15004,15086,15168,15265,15378,15427,15447,15499,15641,15705,15772,15857,15940,15953,15992,16118,16206,16283,16312,16376,16398,16586,16667,16734,16866,16909,16938,16976,17016,17103,17248,17408,17547,17673,17780,17863,18028,18151,18309,18370,18408,18471,18492,18656,18741,18843,18891,18944,18968,19008,19053,19111,19164,19230,19276,19411
232,,South Sudan,47,47,48,48,48,49,49,49,49,49,49,49,49,49,49,49,49,49,49,49,49,49,49,49,49,49,49,49,49,50,50,50,50,50,50,53,54,54,55,55,55,55,55,55,55,55,55,55,55,55,56,56,56,56,56,56,58,58,58,59
233,,Spain,29234,29418,29418,29418,29516,29594,29628,29699,29747,29747,29747,29848,30004,30243,30405,30495,30495,30495,30663,30904,31034,31118,31232,31232,31232,31411,31411,31791,31973,32086,32086,32086,32225,32486,32562,32688,32929,32929,32929,33124,33204,33413,33553,33775,33775,33775,33992,34210,34366,34521,34752,34752,34752,35031,35298,35466,35639,35878,35878,35878
234,,Sri Lanka,12,12,12,12,12,12,12,12,12,12,12,13,13,13,13,13,13,13,13,13,13,13,13,13,13,13,13,13,13,13,13,13,13,13,13,13,13,13,13,13,13,13,13,13,13,13,13,13,13,14,14,15,16,16,19,19,19,19,20,21
235,,Sudan,823,823,832,833,833,833,833,833,834,834,835,836,836,836,836,836,836,836,836,836,836,836,836,836,836,836,836,836,836,836,836,836,836,836,836,836,836,836,836,836,836,836,836,836,836,836,836,836,836,836,836,837,837,837,837,837,837,837,837,837
236,,Suriname,73,75,76,85,91,91,92,93,93,93,93,95,95,95,95,96,97,97,97,100,101,102,102,102,102,102,104,104,105,105,106,106,106,106,106,106,106,107,107,107,107,108,109,109,109,109,109,109,109,109,109,109,109,110,111,111,111,111,111,111
237,,Sweden,5832,5835,5835,5835,5835,5838,5842,5843,5846,5846,5846,5846,5846,5860,5864,5865,5865,5865,5865,5865,5876,5878,5880,5880,5880,5880,5880,5893,5893,5895,5895,5895,5895,5895,5892,5892,5894,5894,5894,5894,5894,5907,5910,5918,5918,5918,5918,5918,5929,5930,5933,5933,5933,5933,5933,5927,5934,5938,5938,5938
238,,Switzerland,2013,2013,2013,2013,2014,2018,2019,2020,2020,2020,2021,2025,2028,2039,2042,2045,2045,2045,2050,2054,2060,2061,2064,2064,2064,2065,2069,2074,2074,2075,2076,2077,2078,2081,2082,2087,2088,2088,2088,2096,2103,2109,2115,2122,2122,2123,2138,2145,2039,2046,2067,2081,2083,2111,2147,2158,2200,2277,2297,2326
239,,Syria,124,127,130,134,137,140,143,147,150,152,155,157,160,163,165,168,170,172,175,178,181,183,185,188,192,194,197,200,202,203,204,205,207,209,212,215,218,221,224,228,231,234,238,241,245,248,251,254,257,260,264,267,269,272,275,278,281,285,288,292
240,,Taiwan*,7,7,7,7,7,7,7,7,7,7,7,7,7,7,7,7,7,7,7,7,7,7,7,7,7,7,7,7,7,7,7,7,7,7,7,7,7,7,7,7,7,7,7,7,7,7,7,7,7,7,7,7,7,7,7,7,7,7,7,7
241,,Tajikistan,69,69,70,70,70,70,71,72,72,72,72,72,73,73,73,73,73,73,73,73,74,74,74,75,75,75,75,76,77,77,77,78,78,78,78,78,79,79,79,79,79,79,80,80,80,80,80,80,80,81,81,81,81,81,81,82,82,82,82,82
242,,Tanzania,21,21,21,21,21,21,21,21,21,21,21,21,21,21,21,21,21,21,21,21,21,21,21,21,21,21,21,21,21,21,21,21,21,21,21,21,21,21,21,21,21,21,21,21,21,21,21,21,21,21,21,21,21,21,21,21,21,21,21,21
243,,Thailand,58,58,58,58,58,58,58,58,58,58,58,58,58,58,58,58,59,59,59,59,59,59,59,59,59,59,59,59,59,59,59,59,59,59,59,59,59,59,59,59,59,59,59,59,59,59,59,59,59,59,59,59,59,59,59,59,59,59,59,59
244,,Timor-Leste,0,0,0,0,0,0,0,0,0,0,0,0,0,0,0,0,0,0,0,0,0,0,0,0,0,0,0,0,0,0,0,0,0,0,0,0,0,0,0,0,0,0,0,0,0,0,0,0,0,0,0,0,0,0,0,0,0,0,0,0
245,,Togo,31,31,32,32,33,34,36,37,37,37,37,40,40,40,41,41,41,41,41,41,41,44,44,46,46,47,48,48,48,48,48,48,48,49,49,49,49,49,49,49,50,51,51,51,51,51,51,51,51,52,52,52,52,53,54,54,55,55,57,57
246,,Trinidad and Tobago,29,31,33,34,37,39,39,43,50,51,53,55,56,58,60,60,61,65,65,65,67,67,70,70,71,72,74,76,76,76,79,81,82,83,84,86,89,90,90,92,93,93,93,95,95,96,97,98,101,103,104,105,105,106,106,107,107,107,108,109
247,,Tunisia,84,87,93,93,94,96,96,99,103,107,107,117,123,129,133,133,138,159,164,164,174,180,191,191,214,214,246,265,265,271,276,321,321,321,364,409,409,456,478,478,478,512,512,512,626,626,687,711,740,740,784,819,819,983,983,1153,1153,1253,1317,1348
248,,Turkey,6511,6564,6620,6673,6730,6782,6837,6895,6951,6999,7056,7119,7186,7249,7315,7377,7445,7506,7574,7639,7711,7785,7858,7929,7997,8062,8130,8195,8262,8325,8384,8441,8498,8553,8609,8667,8722,8778,8837,8895,8957,9014,9080,9153,9224,9296,9371,9445,9513,9584,9658,9727,9799,9874,9950,10027,10099,10177,10252,10326
249,,US,187156,188116,188890,189303,189589,190043,191200,192116,193312,194031,194427,194841,196127,197110,197974,198892,199605,199855,200282,201298,202379,203303,204231,204986,205277,205612,206490,207436,208289,209216,209903,210260,210722,211424,212338,213306,214264,214899,215328,215680,216466,217461,218274,219177,219931,220377,220840,221758,222920,223789,224741,225683,226076,226568,227531,228541,229508,230539,231431,231862
250,,Uganda,33,35,39,41,44,46,46,48,49,52,55,56,58,60,60,61,63,63,63,64,69,70,71,71,73,75,75,75,75,79,79,81,82,84,85,85,86,93,93,94,95,95,96,96,96,97,97,97,98,98,99,99,101,101,103,106,108,110,111,112
251,,Ukraine,2759,2812,2863,2898,2930,2988,3034,3079,3132,3206,3239,3273,3326,3404,3465,3535,3585,3626,3652,3716,3784,3838,3910,3988,4044,4082,4154,4221,4288,4357,4451,4495,4530,4624,4707,4807,4899,5010,5098,5143,5254,5365,5443,5551,5669,5762,5834,5948,6093,6213,6336,6463,6566,6641,6770,6938,7058,7235,7399,7515
252,,United Arab Emirates,387,387,388,388,390,391,393,398,398,399,399,399,401,402,402,403,404,404,405,405,406,407,409,411,412,413,416,419,421,424,426,426,429,435,436,438,442,443,445,446,448,450,452,455,459,463,466,470,472,474,475,475,477,480,482,485,488,490,495,496
253,Anguilla,United Kingdom,0,0,0,0,0,0,0,0,0,0,0,0,0,0,0,0,0,0,0,0,0,0,0,0,0,0,0,0,0,0,0,0,0,0,0,0,0,0,0,0,0,0,0,0,0,0,0,0,0,0,0,0,0,0,0,0,0,0,0,0
254,Bermuda,United Kingdom,9,9,9,9,9,9,9,9,9,9,9,9,9,9,9,9,9,9,9,9,9,9,9,9,9,9,9,9,9,9,9,9,9,9,9,9,9,9,9,9,9,9,9,9,9,9,9,9,9,9,9,9,9,9,9,9,9,9,9,9
255,British Virgin Islands,United Kingdom,1,1,1,1,1,1,1,1,1,1,1,1,1,1,1,1,1,1,1,1,1,1,1,1,1,1,1,1,1,1,1,1,1,1,1,1,1,1,1,1,1,1,1,1,1,1,1,1,1,1,1,1,1,1,1,1,1,1,1,1
256,Cayman Islands,United Kingdom,1,1,1,1,1,1,1,1,1,1,1,1,1,1,1,1,1,1,1,1,1,1,1,1,1,1,1,1,1,1,1,1,1,1,1,1,1,1,1,1,1,1,1,1,1,1,1,1,1,1,1,1,1,1,1,1,1,1,1,1
257,Channel Islands,United Kingdom,48,48,48,48,48,48,48,48,48,48,48,48,48,48,48,48,48,48,48,48,48,48,48,48,48,48,48,48,48,48,48,48,48,48,48,48,48,48,48,48,48,48,48,48,48,48,48,48,48,48,48,48,48,48,48,48,48,48,48,48
258,Falkland Islands (Malvinas),United Kingdom,0,0,0,0,0,0,0,0,0,0,0,0,0,0,0,0,0,0,0,0,0,0,0,0,0,0,0,0,0,0,0,0,0,0,0,0,0,0,0,0,0,0,0,0,0,0,0,0,0,0,0,0,0,0,0,0,0,0,0,0
259,Gibraltar,United Kingdom,0,0,0,0,0,0,0,0,0,0,0,0,0,0,0,0,0,0,0,0,0,0,0,0,0,0,0,0,0,0,0,0,0,0,0,0,0,0,0,0,0,0,0,0,0,0,0,0,0,0,0,0,0,0,0,0,0,0,0,0
260,Isle of Man,United Kingdom,24,24,24,24,24,24,24,24,24,24,24,24,24,24,24,24,24,24,24,24,24,24,24,24,24,24,24,24,24,24,24,24,24,24,24,24,24,24,24,24,24,24,24,24,24,24,24,24,24,24,24,24,24,24,24,24,24,24,24,24
261,Montserrat,United Kingdom,1,1,1,1,1,1,1,1,1,1,1,1,1,1,1,1,1,1,1,1,1,1,1,1,1,1,1,1,1,1,1,1,1,1,1,1,1,1,1,1,1,1,1,1,1,1,1,1,1,1,1,1,1,1,1,1,1,1,1,1
262,Turks and Caicos Islands,United Kingdom,5,5,5,5,5,5,5,5,5,5,5,5,5,5,5,5,5,5,5,5,5,5,5,5,5,5,6,6,6,6,6,6,6,6,6,6,6,6,6,6,6,6,6,6,6,6,6,6,6,6,6,6,6,6,6,6,6,6,6,6
263,,United Kingdom,41527,41537,41549,41551,41554,41586,41594,41608,41614,41623,41628,41637,41664,41684,41705,41732,41759,41777,41788,41825,41862,41902,41936,41971,41988,42001,42072,42143,42202,42268,42317,42350,42369,42445,42515,42592,42679,42760,42825,42875,43018,43155,43293,43429,43579,43646,43726,43967,44158,44347,44571,44745,44896,44998,45365,45675,45955,46229,46555,46717
264,,Uruguay,44,45,45,45,45,45,45,45,45,45,45,45,45,45,46,46,46,46,46,46,47,47,47,47,47,47,48,48,48,48,48,48,48,49,49,49,49,50,50,51,51,51,51,51,51,51,51,52,53,53,53,53,53,54,54,55,57,58,58,59
265,,Uzbekistan,331,338,343,347,352,358,366,370,377,384,390,396,402,407,413,419,427,433,437,442,444,446,449,452,458,460,466,470,471,472,477,480,485,489,491,496,498,502,505,509,511,514,518,520,522,525,531,534,534,540,542,544,549,552,556,558,561,563,566,570
266,,Vanuatu,0,0,0,0,0,0,0,0,0,0,0,0,0,0,0,0,0,0,0,0,0,0,0,0,0,0,0,0,0,0,0,0,0,0,0,0,0,0,0,0,0,0,0,0,0,0,0,0,0,0,0,0,0,0,0,0,0,0,0,0
267,,Venezuela,402,412,420,428,436,444,452,460,468,477,485,494,502,511,520,530,539,547,555,564,574,581,591,600,606,614,621,628,635,643,649,653,658,665,671,678,684,691,697,704,710,714,720,725,731,736,736,747,753,759,764,770,773,777,780,784,789,793,798,801
268,,Vietnam,35,35,35,35,35,35,35,35,35,35,35,35,35,35,35,35,35,35,35,35,35,35,35,35,35,35,35,35,35,35,35,35,35,35,35,35,35,35,35,35,35,35,35,35,35,35,35,35,35,35,35,35,35,35,35,35,35,35,35,35
269,,West Bank and Gaza,167,170,177,181,184,190,192,198,204,210,221,226,229,243,244,250,253,262,265,269,272,274,278,285,291,299,306,311,318,321,329,330,339,349,355,359,367,378,381,387,391,393,401,402,402,408,413,421,427,435,439,443,448,454,458,465,473,481,483,489
270,,Yemen,571,572,572,572,573,576,576,580,582,582,583,583,583,583,585,585,585,586,586,586,586,586,587,587,587,587,587,587,587,589,589,591,592,593,593,593,593,595,595,596,596,596,596,596,596,597,597,597,597,597,599,599,599,599,599,599,599,599,599,600
271,,Zambia,292,292,292,295,295,297,300,300,306,312,312,320,324,326,326,329,330,330,331,331,332,332,332,332,332,332,332,332,333,333,333,333,334,335,335,335,336,337,337,345,345,345,346,346,346,346,346,346,346,346,346,348,348,348,348,348,348,349,349,349
272,,Zimbabwe,206,206,206,206,210,218,222,222,224,224,224,224,224,224,224,224,225,225,225,226,227,227,227,227,227,228,228,228,228,228,228,228,228,229,229,229,229,230,230,230,230,231,231,231,231,231,232,233,236,236,236,236,237,242,242,242,242,242,243,243
